"Group","Subscore"
"Distribution",3.1970081693089e-08
"MedChem",0.308
"Metabolism",0.380765673040095
"PhysChem",0.333333333333333
"Toxicity",0.375034925302978
